Workbook

Sheet Foglio3
A1: sigla | B1: stato_it | C1: stato_en
A2: AFG | B2: Afghanistan | C2: =TRIM(VLOOKUP(A2,Foglio2!$A$2:$B$287,2,0)) -> Afghanistan
A3: ALB | B3: Albania | C3: =TRIM(VLOOKUP(A3,Foglio2!$A$2:$B$287,2,0)) -> Albania
A4: ALG | B4: Algeria | C4: =TRIM(VLOOKUP(A4,Foglio2!$A$2:$B$287,2,0)) -> Algeria
A5: AND | B5: Andorra | C5: =TRIM(VLOOKUP(A5,Foglio2!$A$2:$B$287,2,0)) -> Andorra
A6: ANG | B6: Angola | C6: =TRIM(VLOOKUP(A6,Foglio2!$A$2:$B$287,2,0)) -> Angola
A7: ANT | B7: Antigua e Barbuda | C7: =TRIM(VLOOKUP(A7,Foglio2!$A$2:$B$287,2,0)) -> Antigua and Barbuda
A8: ARG | B8: Argentina | C8: =TRIM(VLOOKUP(A8,Foglio2!$A$2:$B$287,2,0)) -> Argentina
A9: ARM | B9: Armenia | C9: =TRIM(VLOOKUP(A9,Foglio2!$A$2:$B$287,2,0)) -> Armenia
A10: ARU | B10: Aruba | C10: =TRIM(VLOOKUP(A10,Foglio2!$A$2:$B$287,2,0)) -> Aruba
A11: ASA | B11: Samoa Americane | C11: =TRIM(VLOOKUP(A11,Foglio2!$A$2:$B$287,2,0)) -> American Samoa
A12: AUS | B12: Australia | C12: =TRIM(VLOOKUP(A12,Foglio2!$A$2:$B$287,2,0)) -> Australia
A13: AUT | B13: Austria | C13: =TRIM(VLOOKUP(A13,Foglio2!$A$2:$B$287,2,0)) -> Austria
... A190: TPE | B190: Taipei cinese | C190: =TRIM(VLOOKUP(A190,Foglio2!$A$2:$B$287,2,0)) -> Republic of China[7][8][9][10]
A191: Repubblica di Cina[11] | B191: 1956 | C191: =TRIM(VLOOKUP(A191,Foglio2!$A$2:$B$287,2,0)) -> #N/A
A192: TTO | B192: Trinidad e Tobago | C192: =TRIM(VLOOKUP(A192,Foglio2!$A$2:$B$287,2,0)) -> Trinidad and Tobago
A193: TUN | B193: Tunisia | C193: =TRIM(VLOOKUP(A193,Foglio2!$A$2:$B$287,2,0)) -> Tunisia
A194: TUR | B194: Turchia | C194: =TRIM(VLOOKUP(A194,Foglio2!$A$2:$B$287,2,0)) -> Turkey
A195: TUV | B195: Tuvalu | C195: =TRIM(VLOOKUP(A195,Foglio2!$A$2:$B$287,2,0)) -> Tuvalu
A196: UAE | B196: Emirati Arabi Uniti | C196: =TRIM(VLOOKUP(A196,Foglio2!$A$2:$B$287,2,0)) -> United Arab Emirates
A197: UGA | B197: Uganda | C197: =TRIM(VLOOKUP(A197,Foglio2!$A$2:$B$287,2,0)) -> Uganda
A198: UKR | B198: Ucraina | C198: =TRIM(VLOOKUP(A198,Foglio2!$A$2:$B$287,2,0)) -> Ukraine
A199: URU | B199: Uruguay | C199: =TRIM(VLOOKUP(A199,Foglio2!$A$2:$B$287,2,0)) -> Uruguay
A200: USA | B200: Stati Uniti d'America | C200: =TRIM(VLOOKUP(A200,Foglio2!$A$2:$B$287,2,0)) -> United States
A201: UZB | B201: Uzbekistan | C201: =TRIM(VLOOKUP(A201,Foglio2!$A$2:$B$287,2,0)) -> Uzbekistan
A202: VAN | B202: Vanuatu | C202: =TRIM(VLOOKUP(A202,Foglio2!$A$2:$B$287,2,0)) -> Vanuatu
A203: VEN | B203: Venezuela | C203: =TRIM(VLOOKUP(A203,Foglio2!$A$2:$B$287,2,0)) -> Venezuela
... A208: ZIM | B208: Zimbabwe | C208: =TRIM(VLOOKUP(A208,Foglio2!$A$2:$B$287,2,0)) -> Zimbabwe

Sheet Foglio2
A2: AFG | B2: Afghanistan | D2: [1]
A3: ALB | B3: Albania | D3: [2]
A4: ALG | B4: Algeria
A5: AGR (1964)AGL (1968 S) from Spanish Argelia
A6: [3]
A7: AND | B7: Andorra | D7: [4]
A8: ANG | B8: Angola | C8: ANO (As referenced in IAAF World Championships Beijing 2015 Statistics Handbook)[1] | D8: [5]
A9: ANT | B9: Antigua and Barbuda | D9: [6]
A10: ARG | B10: Argentina | D10: [7]
A11: ARM | B11: Armenia | D11: [8]
A12: ARU | B12: Aruba | D12: [9]
A13: ASA | B13: American Samoa | C13: AMS[1] | D13: [10]
A14: AUS | B14: Australia | D14: [11]
A15: AUT | B15: Austria | C15: current code from French Autriche | D15: [12]
A16: AZE | B16: Azerbaijan | D16: [13]
A17: BAH | B17: Bahamas | D17: [14]
A18: BAN | B18: Bangladesh | D18: [15]
A19: BAR | B19: Barbados | C19: BAD (1964)[a] | D19: [16]
A20: BDI | B20: Burundi | D20: [17]
A21: BEL | B21: Belgium | D21: [18]
A22: BEN | B22: Benin
A23: DAY (1964)DAH (1968–1976) as Dahomey
A24: [19]
A25: BER | B25: Bermuda | D25: [20]
A26: BHU | B26: Bhutan | D26: [21]
A27: BIH | B27: Bosnia and Herzegovina | C27: BSH (1992 S), BOS[1] current code from Bosnian Bosna i Hercegovina | D27: [22]
A28: BIZ | B28: Belize | C28: HBR (1968–1972) from French Honduras britannique as British Honduras; also BHO[1] | D28: [23]
A29: BLR | B29: Belarus | D29: [24]
A30: BOL | B30: Bolivia | D30: [25]
A31: BOT | B31: Botswana | D31: [26]
A32: BRA | B32: Brazil | D32: [27]
A33: BRN | B33: Bahrain | C33: BHR[1] | D33: [28]
A34: BRU | B34: Brunei | D34: [29]
A35: BUL | B35: Bulgaria | D35: [30]
A36: BUR | B36: Burkina Faso | C36: VOL (1972–1984) as Upper Volta; also BKF[1] | D36: [31]
A37: CAF | B37: Central African Republic | C37: AFC (1968) | D37: [32]
A38: CAM | B38: Cambodia
A39: CAB (1964)KHM (1972) as Khmer Republic
A40: [33]
A41: CAN | B41: Canada | D41: [34]
A42: CAY | B42: Cayman Islands | D42: [35]
A43: CGO | B43: Republic of the Congo | D43: [36]
A44: CHA | B44: Chad | C44: CHD (1964) | D44: [37]
A45: CHI | B45: Chile
A46: CIL (1956 W1960 S) from Italian Cile
A47: [38]
A48: CHN | B48: People's Republic of China[3][4][5] | C48: PRC (1952 S) as People's Republic of China | D48: [39]
A49: CIV | B49: Ivory Coast
A50: IVC (1964)CML (1968) from Spanish Costa de Marfil
A51: current code from French Côte d'Ivoire | B51: [40]
A52: CMR | B52: Cameroon | D52: [41]
A53: COD | B53: Democratic Republic of the Congo
A54: COK (1968) as Congo-KinshasaZAI (1972–1996) as Zaire
A55: [42]
A56: COK | B56: Cook Islands | C56: CKI[1] | D56: [43]
A57: COL | B57: Colombia | D57: [44]
A58: COM | B58: Comoros | D58: [45]
A59: CPV | B59: Cape Verde | C59: CVD[1] | D59: [46]
A60: CRC | B60: Costa Rica | C60: COS (1964) | D60: [47]
A61: CRO | B61: Croatia | D61: [48]
A62: CUB | B62: Cuba | D62: [49]
A63: CYP | B63: Cyprus | D63: [50]
A64: CZE | B64: Czech Republic Czechia | D64: [51]
A65: DEN | B65: Denmark
A66: DAN (1960 S1968 W)DIN (1968 S)
A67: previous codes taken from Italian Danimarca, French Danemark and Spanish Dinamarca | B67: [52]
A68: DJI | B68: Djibouti | D68: [53]
A69: DMA | B69: Dominica | C69: DMN[1] | D69: [54]
A70: DOM | B70: Dominican Republic | D70: [55]
A71: ECU | B71: Ecuador | D71: [56]
A72: EGY | B72: Egypt
A73: RAU (19601968)UAR (1964) as United Arab Republic
A74: previous codes taken from Italian Repubblica Araba Unita, French République Arabe Unie and Spanish República Árabe Unida | B74: [57]
A75: ERI | B75: Eritrea | D75: [58]
A76: ESA | B76: El Salvador | C76: SAL (1964–1976) | D76: [59]
A77: ESP | B77: Spain
A78: SPA (1956–19641968 W)
A79: current code taken from French Espagne or Spanish España | B79: [60]
A80: EST | B80: Estonia | D80: [61]
A81: ETH | B81: Ethiopia
A82: ETI (19601968)
A83: [62]
A84: FIJ | B84: Fiji | C84: FIG (1960) from Italian Figi | D84: [63]
A85: FIN | B85: Finland | D85: [64]
A86: FRA | B86: France | D86: [65]
A87: FSM | B87: Federated States of Micronesia | D87: [66]
A88: GAB | B88: Gabon | D88: [67]
A89: GAM | B89: The Gambia | D89: [68]
A90: GBR | B90: Great Britain
A91: GRB (1956 W–1960)GBI (1956 athletics;[6] 1964)
A92: [69]
A93: GBS | B93: Guinea-Bissau | D93: [70]
A94: GEO | B94: Georgia | D94: [71]
A95: GEQ | B95: Equatorial Guinea | C95: current code taken from French Guinée équatoriale | D95: [72]
A96: GER | B96: Germany | D96: [73]
A97: GHA | B97: Ghana | D97: [74]
A98: GRE | B98: Greece | D98: [75]
A99: GRN | B99: Grenada | D99: [76]
A100: GUA | B100: Guatemala | C100: GUT (1964) | D100: [77]
A101: GUI | B101: Guinea | D101: [78]
...
